strings,metadata_comment
0x2DCC92C27C4429B506588012CaC53764780f3e3D,https://www.crowdstrike.com/blog/threat-actor-distributes-python-based-information-stealer/
0x6c5E3Ea51B382C49839417dAF3c84E3dA603D12f,https://www.crowdstrike.com/blog/threat-actor-distributes-python-based-information-stealer/
0xd23896016eC1Ef2D25Fb8899a4a3a38e0a92F9c1,https://www.crowdstrike.com/blog/threat-actor-distributes-python-based-information-stealer/
13KadCbGWS4rzXiAyc7HHW2HDopN59hKa6,https://www.crowdstrike.com/blog/threat-actor-distributes-python-based-information-stealer/
17tVNxknYnnkrvY3vN4Tw23fXQdSmn7CDU,https://www.crowdstrike.com/blog/threat-actor-distributes-python-based-information-stealer/
1Q4V4c1d6Vmr1Bf9BWejixnF8XnfdY6m4s,https://www.crowdstrike.com/blog/threat-actor-distributes-python-based-information-stealer/
bc1qfwx6sase663vranpr7mkf485ypz3nzvtl0xtld,https://www.crowdstrike.com/blog/threat-actor-distributes-python-based-information-stealer/
bc1qlneepetqamw7vmfludvrjgnk7tjprzlcy5e293,https://www.crowdstrike.com/blog/threat-actor-distributes-python-based-information-stealer/
bc1qr9euay9qsfwsgh2edeqfk0rpw90c9zl9f69kfk,https://www.crowdstrike.com/blog/threat-actor-distributes-python-based-information-stealer/
bnb10nf3fc0xtfm6f7xfy6vjejnyq88ha7gjc8hx62,https://www.crowdstrike.com/blog/threat-actor-distributes-python-based-information-stealer/
bnb130y4jppcnh2vmwc6u4kkktehswldmrk43l7nah,https://www.crowdstrike.com/blog/threat-actor-distributes-python-based-information-stealer/
bnb1xg0dn3lj6ggekxptv4mg7u89uqqu73ezpxkhup,https://www.crowdstrike.com/blog/threat-actor-distributes-python-based-information-stealer/
CrnP9VWgegWAFgKYHqsrLhxoWwBykAaHQDkz7A8njtMj,https://www.crowdstrike.com/blog/threat-actor-distributes-python-based-information-stealer/
DMqCf1f3wCHncDdbHmNZa2AFwyVYDeVSRL,https://www.crowdstrike.com/blog/threat-actor-distributes-python-based-information-stealer/
DMX3TTkhnDvB7nbhG3jn85U1bHedVsfgJs,https://www.crowdstrike.com/blog/threat-actor-distributes-python-based-information-stealer/
Fep17BczJDfVeSHytKmCS1n2MBM5j6BVdVEkcN5H1eXJ,https://www.crowdstrike.com/blog/threat-actor-distributes-python-based-information-stealer/
LcxgZpuNmbji8WfWrEpWHKDA41wGcRxJFe,https://www.crowdstrike.com/blog/threat-actor-distributes-python-based-information-stealer/
LLGtBdhMb7DABq9Q1yDEGUXAvtn4CyPGh7,https://www.crowdstrike.com/blog/threat-actor-distributes-python-based-information-stealer/
ltc1qg9k9ren5rmu65l9jy69lt7tqrl60s7u8e6gv9m,https://www.crowdstrike.com/blog/threat-actor-distributes-python-based-information-stealer/
qz0zv0l5gqz5f69l8ezpwu8mpfhzv8lwruz5dh2h7p,https://www.crowdstrike.com/blog/threat-actor-distributes-python-based-information-stealer/
qz9zwucyjf8jw7yhr3dm85ejslaesrrp9y3qh6x2h9,https://www.crowdstrike.com/blog/threat-actor-distributes-python-based-information-stealer/
qzanj5umvjs3h6fjplzxh68lnm3hzl7djq9aky0xwn,https://www.crowdstrike.com/blog/threat-actor-distributes-python-based-information-stealer/
t1KikBNAhHPWBTvDmzzcoUMJ8CKxo8dm2hF,https://www.crowdstrike.com/blog/threat-actor-distributes-python-based-information-stealer/
TAZnA51ca5P2hpcjUwY6eqYvDL9fGzad3M,https://www.crowdstrike.com/blog/threat-actor-distributes-python-based-information-stealer/
TFhAp8GYQiyYk3xGgDXoNDokDzKZnMoUuT,https://www.crowdstrike.com/blog/threat-actor-distributes-python-based-information-stealer/
XiDCvcyAnTKEr6vQn7rjwpjH6tiwhEPPA5,https://www.crowdstrike.com/blog/threat-actor-distributes-python-based-information-stealer/
XkarQqC1GGjuF8eQEhWeBifFTz4UyLG7z3,https://www.crowdstrike.com/blog/threat-actor-distributes-python-based-information-stealer/
Xy4yi1Qr7UgEh4hSi8dLv7iANecm11MDGM,https://www.crowdstrike.com/blog/threat-actor-distributes-python-based-information-stealer/
