file_hash,metadata_comment
1e2d900f3b38c71e7b287435d2dedae558ea1b85409b1ce03f43fe645fb2370f,https://www.virustotal.com/gui/file/1e2d900f3b38c71e7b287435d2dedae558ea1b85409b1ce03f43fe645fb2370f
c8f4bcc3a32a579c5f3664c9a283768b98d61468739590395e5419c5eaba49fb,https://www.virustotal.com/gui/file/c8f4bcc3a32a579c5f3664c9a283768b98d61468739590395e5419c5eaba49fb
803727ccdf441e49096f3fd48107a5fe55c56c080f46773cd649c9e55ec1be61,https://www.virustotal.com/gui/file/803727ccdf441e49096f3fd48107a5fe55c56c080f46773cd649c9e55ec1be61/behavior
19001dd441e50233d7f0addb4fcd405a70ac3d5e310ff20b331d6f1a29c634f0,https://www.virustotal.com/gui/file/4491901eff338ab52c85a77a3fbd3ce80fda738046ee3b7da7be468da5b331a3/community
803727ccdf441e49096f3fd48107a5fe55c56c080f46773cd649c9e55ec1be61,https://any.run/cybersecurity-blog/crowdstrike-outage-abuse/
4ad9845e691dd415420e0c253ba452772495c0b971f48294b54631e79a22644a,https://any.run/cybersecurity-blog/crowdstrike-outage-abuse/
1bbb795ce19f4dcc4ac9f8e8c12f3452f1f07c68a53ef631c76e392e1d06ea43,https://any.run/cybersecurity-blog/crowdstrike-outage-abuse/
96dec6e07229201a02f538310815c695cf6147c548ff1c6a0def2fe38f3dcbc8,https://any.run/cybersecurity-blog/crowdstrike-outage-abuse/
4491901eff338ab52c85a77a3fbd3ce80fda738046ee3b7da7be468da5b331a3,https://any.run/cybersecurity-blog/crowdstrike-outage-abuse/
5ba542fcfa45d50c0d65dda4dbbd7a28f737a2fc53841ddaab7f68ae1cdf5183,https://www.crowdstrike.com/blog/threat-actor-distributes-python-based-information-stealer/
56cbd8ce60f18d4cececfa703a92c0188dd81ed97b4de12e3f120d7ce736225a,https://www.crowdstrike.com/blog/threat-actor-distributes-python-based-information-stealer/
21653e267a6c7e4f10064ad2489dba54e04612cc7ce4043b8c8dcaf8b39210d6,https://www.crowdstrike.com/blog/threat-actor-distributes-python-based-information-stealer/
5ba542fcfa45d50c0d65dda4dbbd7a28f737a2fc53841ddaab7f68ae1cdf5183,https://www.crowdstrike.com/blog/threat-actor-distributes-python-based-information-stealer/
d7c1be2d0b7d2714ff710676d228ac751c4eba280309e1241a9f7e441299a177,https://www.crowdstrike.com/blog/threat-actor-distributes-python-based-information-stealer/
803727ccdf441e49096f3fd48107a5fe55c56c080f46773cd649c9e55ec1be61,https://www.crowdstrike.com/blog/fake-recovery-manual-used-to-deliver-unidentified-stealer/
96dec6e07229201a02f538310815c695cf6147c548ff1c6a0def2fe38f3dcbc8,https://any.run/report/96dec6e07229201a02f538310815c695cf6147c548ff1c6a0def2fe38f3dcbc8/5be4cadf-f558-4bbe-a816-e2a4f12f97d5
4491901eff338ab52c85a77a3fbd3ce80fda738046ee3b7da7be468da5b331a3,https://any.run/report/4491901eff338ab52c85a77a3fbd3ce80fda738046ee3b7da7be468da5b331a3/35be7f5a-3f58-4ea0-b2ee-f93a781842ad
70865e5a49b8c270eb8175c36cd2a2032c05445c0daf59dc67e78dad545ff9e4,https://app.any.run/tasks/14fc6a8a-6fd7-431f-aba5-d3177b47690f/
9e519211947c63d9bf6f4a51bc161f5b9ace596c2935a8eedfce4057f747b961,https://app.any.run/tasks/14fc6a8a-6fd7-431f-aba5-d3177b47690f/
8316065c4536384611cbe7b6ba6a5f12f10db09949e66cb608c92ae8b69e4d67,https://app.any.run/tasks/14fc6a8a-6fd7-431f-aba5-d3177b47690f/
5eaf0f1c1d23f4372e24eb15ee969552c416a38dbc45e4f2b4af283e3bfb8721,https://www.crowdstrike.com/blog/fake-recovery-manual-used-to-deliver-unidentified-stealer/
4ad9845e691dd415420e0c253ba452772495c0b971f48294b54631e79a22644a,https://www.crowdstrike.com/blog/likely-ecrime-actor-capitalizing-on-falcon-sensor-issues/
3a9323a939fbecbc6d0ceb5c1e1f3ebde91e9f186b46fdf3ba1aee03d1d41cd8,https://www.crowdstrike.com/blog/likely-ecrime-actor-capitalizing-on-falcon-sensor-issues/
c44506fe6e1ede5a104008755abf5b6ace51f1a84ad656a2dccc7f2c39c0eca2,https://www.crowdstrike.com/blog/likely-ecrime-actor-capitalizing-on-falcon-sensor-issues/
02f37a8e3d1790ac90c04bc50de73cd1a93e27caf833a1e1211b9cc6294ecee5,https://www.crowdstrike.com/blog/likely-ecrime-actor-capitalizing-on-falcon-sensor-issues/
2bdf023c439010ce0a786ec75d943a80a8f01363712bbf69afc29d3e2b5306ed,https://www.crowdstrike.com/blog/likely-ecrime-actor-capitalizing-on-falcon-sensor-issues/
4f450abaa4daf72d974a830b16f91deed77ba62412804dca41a6d42a7d8b6fd0,https://www.crowdstrike.com/blog/likely-ecrime-actor-capitalizing-on-falcon-sensor-issues/
52019f47f96ca868fa4e747c3b99cba1b7aa57317bf8ebf9fcbf09aa576fe006,https://www.crowdstrike.com/blog/likely-ecrime-actor-capitalizing-on-falcon-sensor-issues/
5ae3838d77c2102766538f783d0a4b4205e7d2cdba4e0ad2ab332dc8ab32fea9,https://www.crowdstrike.com/blog/likely-ecrime-actor-capitalizing-on-falcon-sensor-issues/
6010e2147a0f51a7bfa2f942a5a9eaad9a294f463f717963b486ed3f53d305c2,https://www.crowdstrike.com/blog/likely-ecrime-actor-capitalizing-on-falcon-sensor-issues/
835f1141ece59c36b18e76927572d229136aeb12eff44cb4ba98d7808257c299,https://www.crowdstrike.com/blog/likely-ecrime-actor-capitalizing-on-falcon-sensor-issues/
931308cfe733376e19d6cd2401e27f8b2945cec0b9c696aebe7029ea76d45bf6,https://www.crowdstrike.com/blog/likely-ecrime-actor-capitalizing-on-falcon-sensor-issues/
b1fcb0339b9ef4860bb1ed1e5ba0e148321be64696af64f3b1643d1311028cb3,https://www.crowdstrike.com/blog/likely-ecrime-actor-capitalizing-on-falcon-sensor-issues/
b6f321a48812dc922b26953020c9a60949ec429a921033cfaf1e9f7d088ee628,https://www.crowdstrike.com/blog/likely-ecrime-actor-capitalizing-on-falcon-sensor-issues/
be074196291ccf74b3c4c8bd292f92da99ec37a25dc8af651bd0ba3f0d020349,https://www.crowdstrike.com/blog/likely-ecrime-actor-capitalizing-on-falcon-sensor-issues/
d6d5ff8e9dc6d2b195a6715280c2f1ba471048a7ce68d256040672b801fda0ea,https://www.crowdstrike.com/blog/likely-ecrime-actor-capitalizing-on-falcon-sensor-issues/
48a3398bbbf24ecd64c27cb2a31e69a6b60e9a69f33fe191bcf5fddbabd9e184,https://www.crowdstrike.com/blog/likely-ecrime-actor-capitalizing-on-falcon-sensor-issues/
50f9c384443a40d15a6e74960f1ba75dcf741eabdb5713bd2eba453a6aad81e5,https://www.crowdstrike.com/blog/lumma-stealer-with-cypherit-phishing-lure/
1e06ef09d9e487fd54dbb70784898bff5c3ee25d87f468c9c5d0dfb8948fb45c,https://www.crowdstrike.com/blog/lumma-stealer-with-cypherit-phishing-lure/
280900902df7bb855b27614884b369e5e0da25ff22efacc59443a4f593ccd145,https://www.crowdstrike.com/blog/lumma-stealer-with-cypherit-phishing-lure/
3ed535bbcd9d4980ec8bc60cd64804e9c9617b7d88723d3b05e6ad35821c3fe7,https://www.crowdstrike.com/blog/lumma-stealer-with-cypherit-phishing-lure/
50f9c384443a40d15a6e74960f1ba75dcf741eabdb5713bd2eba453a6aad81e5,https://www.crowdstrike.com/blog/lumma-stealer-with-cypherit-phishing-lure/
66ad1c04ebb970f2494f2f30b45d6a83c2f3a2bb663565899f57bb5422851518,https://www.crowdstrike.com/blog/lumma-stealer-with-cypherit-phishing-lure/
6ec39c6eee15805ef3098af7ae172517a279b042fc6c323ebf1aef8f8f2b21be,https://www.crowdstrike.com/blog/lumma-stealer-with-cypherit-phishing-lure/
922b1f00115dfac831078bb5e5571640e95dbd0d6d4022186e5aa4165082c6b2,https://www.crowdstrike.com/blog/lumma-stealer-with-cypherit-phishing-lure/
a992cee863a4668698af92b4f9bd427d7a827996bf09824b89beff21578b49bd,https://www.crowdstrike.com/blog/lumma-stealer-with-cypherit-phishing-lure/
aca54f9f5398342566e02470854aff48c53659be0c0cb83d3ce1fd05430375f8,https://www.crowdstrike.com/blog/lumma-stealer-with-cypherit-phishing-lure/
b5c0610bc01cfc3dafc9c976cb00fe7240430f0d03ec5e112a0b3f153f93b49a,https://www.crowdstrike.com/blog/lumma-stealer-with-cypherit-phishing-lure/
d669078a7cdcf71fb3f2c077d43f7f9c9fdbdb9af6f4d454d23a718c6286302a,https://www.crowdstrike.com/blog/lumma-stealer-with-cypherit-phishing-lure/
e6b00ee585b008f110829df68c01a62d3bfac1ffe7d65298c8a4e4109b8a7319,https://www.crowdstrike.com/blog/lumma-stealer-with-cypherit-phishing-lure/
e9cd2429628e3955dd1f7c714fbaa3e3b85bfaac0bc31582cf9c5232cb8fc352,https://www.crowdstrike.com/blog/lumma-stealer-with-cypherit-phishing-lure/
bb7a19963b422ed31b0b942eeaad7388421bc270a8513337f8ec043a84a4f11c,https://www.crowdstrike.com/blog/lumma-stealer-with-cypherit-phishing-lure/
56f2aedb86d26da157b178203cec09faff26e659f6f2be916597c9dd4825d69f,https://www.crowdstrike.com/blog/lumma-stealer-with-cypherit-phishing-lure/
